city,voivodeship_name,latitude,longitude,source_name
IGOŁOMIA,MAŁOPOLSKIE,50.0910823,20.2439888,nominatim
MUSZYNA,MAŁOPOLSKIE,49.3561684,20.8967477,nominatim
JURKÓW,MAŁOPOLSKIE,49.6845649,20.2338371,nominatim
WYSOWA,MAŁOPOLSKIE,49.4282256,21.2030094,nominatim
BRZEŹNICA,MAŁOPOLSKIE,49.9583939,20.4765671,nominatim
LIPNICA WIELKA,MAŁOPOLSKIE,49.4849727,19.6292186,nominatim
RADŁÓW,MAŁOPOLSKIE,50.0830887,20.8476617,nominatim
WAŁ,MAŁOPOLSKIE,49.8846862,20.9103551,nominatim
SKAŁA,MAŁOPOLSKIE,50.2303769,19.8535370,nominatim
SIEPRAW,MAŁOPOLSKIE,49.9087175,19.9686151,nominatim
ZĄB,MAŁOPOLSKIE,49.3361203,19.9481892,nominatim
WIERZCHOSŁAWICE,MAŁOPOLSKIE,50.0274989,20.8593482,nominatim
RZUCHOWA,MAŁOPOLSKIE,49.9519826,20.9314045,nominatim
BORZĘCIN,MAŁOPOLSKIE,50.0753801,20.7031272,nominatim
OSIEK,MAŁOPOLSKIE,49.9443820,19.2787097,nominatim
KASINKA MAŁA,MAŁOPOLSKIE,49.7024609,20.0370039,nominatim
MĘDRZECHÓW,MAŁOPOLSKIE,50.2817162,20.9472878,nominatim
BRZEZÓWKA,MAŁOPOLSKIE,50.2674678,21.0920824,nominatim
STRYSZAWA,MAŁOPOLSKIE,49.7135310,19.5206116,nominatim
KAMIONKA WIELKA,MAŁOPOLSKIE,49.5786884,20.7900330,nominatim
PRZYSZOWA,MAŁOPOLSKIE,49.6412253,20.5041741,nominatim
CIĘŻKOWICE,MAŁOPOLSKIE,49.7864640,20.9737542,nominatim
SUCHA BESKIDZKA,MAŁOPOLSKIE,49.7407900,19.5905975,nominatim
PCIM,MAŁOPOLSKIE,49.7519944,19.9667908,nominatim
ROŻNÓW,MAŁOPOLSKIE,49.7755401,20.7020173,nominatim
OLESNO,MAŁOPOLSKIE,50.2026982,20.9255009,nominatim
JANKOWICE,MAŁOPOLSKIE,50.1941076,20.5560882,nominatim
GROJEC,MAŁOPOLSKIE,49.9799303,19.2350380,nominatim
PIELGRZYMOWICE,MAŁOPOLSKIE,50.1498721,20.0507340,nominatim
MSZANKA,MAŁOPOLSKIE,49.6349060,20.1452341,nominatim
WOLA RZĘDZIŃSKA,MAŁOPOLSKIE,50.0372232,21.0643940,nominatim
NOWY SĄCZ,MAŁOPOLSKIE,49.6249173,20.6913460,nominatim
CZERNICHÓW,MAŁOPOLSKIE,49.9871154,19.6761974,nominatim
KORZKIEW,MAŁOPOLSKIE,50.1625137,19.8838170,nominatim
UŚCIE SOLNE,MAŁOPOLSKIE,50.1192650,20.5146666,nominatim
MSZANA DOLNA,MAŁOPOLSKIE,49.6779756,20.0820073,nominatim
OŚWIĘCIM,MAŁOPOLSKIE,50.0336707,19.2600798,nominatim
PRZYBYSŁAWICE,MAŁOPOLSKIE,50.3785205,19.8829526,nominatim
SZERZYNY,MAŁOPOLSKIE,49.8088632,21.2451169,nominatim
KRZESZOWICE,MAŁOPOLSKIE,50.1350246,19.6320164,nominatim
KSIĄŻ WIELKI,MAŁOPOLSKIE,50.4429446,20.1399453,nominatim
TYMBARK,MAŁOPOLSKIE,49.7293607,20.3248972,nominatim
JODŁOWNIK,MAŁOPOLSKIE,49.7748791,20.2361060,nominatim
SŁABOSZÓW,MAŁOPOLSKIE,50.3875935,20.2749640,nominatim
KROŚCIENKO NAD DUNAJCEM,MAŁOPOLSKIE,49.4456840,20.4289427,nominatim
MOSZCZENICA,MAŁOPOLSKIE,49.9661000,20.3468100,nominatim
LEŃCZE,MAŁOPOLSKIE,49.8988662,19.7353089,nominatim
GOŁCZA,MAŁOPOLSKIE,50.3369451,19.9266289,nominatim
MASZKÓW,MAŁOPOLSKIE,50.1960651,19.9805607,nominatim
SZCZUCIN,MAŁOPOLSKIE,50.3090256,21.0751610,nominatim
FLORYNKA,MAŁOPOLSKIE,49.5479000,20.9845300,nominatim
PIEKIELNIK,MAŁOPOLSKIE,49.4855097,19.7843331,nominatim
OSIELEC,MAŁOPOLSKIE,49.6716358,19.7668341,nominatim
SZYNWAŁD,MAŁOPOLSKIE,49.9713934,21.1185595,nominatim
FRYDRYCHOWICE,MAŁOPOLSKIE,49.9121467,19.4165722,nominatim
PORĘBA WIELKA,MAŁOPOLSKIE,49.6105874,20.0629934,nominatim
WIELICZKA,MAŁOPOLSKIE,49.9823773,20.0602114,nominatim
BALIN,MAŁOPOLSKIE,50.1664881,19.3810539,nominatim
KRYSPINÓW,MAŁOPOLSKIE,50.0424381,19.7972081,nominatim
ROPA,MAŁOPOLSKIE,49.6695163,21.1863731,nominatim
KRAKÓW,MAŁOPOLSKIE,50.0469432,19.9971534,nominatim
MYŚLENICE,MAŁOPOLSKIE,49.8346080,19.9384283,nominatim
ZAGÓRZE,MAŁOPOLSKIE,49.7125872,21.1952228,nominatim
ZAKLICZYN,MAŁOPOLSKIE,49.8564352,20.8086652,nominatim
KASINA WIELKA,MAŁOPOLSKIE,49.7229988,20.1388945,nominatim
PODŁĘŻE,MAŁOPOLSKIE,50.0140729,20.1614219,nominatim
BARCICE,MAŁOPOLSKIE,49.5250962,20.6514646,nominatim
RATUŁÓW,MAŁOPOLSKIE,49.3717092,19.8958704,nominatim
OLSZYNY,MAŁOPOLSKIE,49.9973821,19.7776578,nominatim
MODLNICZKA,MAŁOPOLSKIE,50.1192648,19.8552859,nominatim
PAGORZYNA,MAŁOPOLSKIE,49.6887867,21.3329296,nominatim
KRZYWACZKA,MAŁOPOLSKIE,49.8923698,19.8292856,nominatim
BYSTRA PODHALAŃSKA,MAŁOPOLSKIE,49.6477978,19.7793497,nominatim
MUCHARZ,MAŁOPOLSKIE,49.8120170,19.5584908,nominatim
TRZEMEŚNIA,MAŁOPOLSKIE,49.8205334,20.0185491,nominatim
ŻARKI,MAŁOPOLSKIE,50.0803102,19.3496120,nominatim
JABŁONKA,MAŁOPOLSKIE,49.4803042,19.6948676,nominatim
SZYCE,MAŁOPOLSKIE,50.1473428,19.8564609,nominatim
PORONIN,MAŁOPOLSKIE,49.3396497,20.0055635,nominatim
MOGILNO,MAŁOPOLSKIE,49.6541845,20.8291757,nominatim
BEREST,MAŁOPOLSKIE,49.5038430,20.9744436,nominatim
BŁONIE,MAŁOPOLSKIE,49.9566931,20.9014848,nominatim
NOWY WIŚNICZ,MAŁOPOLSKIE,49.9152667,20.4621677,nominatim
GROMNIK,MAŁOPOLSKIE,49.8381626,20.9614301,nominatim
LISZKI,MAŁOPOLSKIE,50.0384673,19.7661585,nominatim
FRYDMAN,MAŁOPOLSKIE,49.4493133,20.2296950,nominatim
SZAFLARY,MAŁOPOLSKIE,49.4229109,20.0260584,nominatim
SIEMIECHÓW,MAŁOPOLSKIE,49.8534433,20.9017161,nominatim
ŁĄCZANY,MAŁOPOLSKIE,49.9859855,19.5772849,nominatim
SROMOWCE WYŻNE,MAŁOPOLSKIE,49.4052226,20.3402657,nominatim
HUTKI,MAŁOPOLSKIE,50.3077414,19.5005583,nominatim
GRYBÓW,MAŁOPOLSKIE,49.6149554,20.9488247,nominatim
KRZĘCIN,MAŁOPOLSKIE,49.9435816,19.7421216,nominatim
RABKA,MAŁOPOLSKIE,49.6076663,19.9622575,nominatim
DZIEWIN,MAŁOPOLSKIE,50.0758765,20.4555535,nominatim
ZAKOPANE,MAŁOPOLSKIE,49.2969114,19.9504753,nominatim
CHOMRANICE,MAŁOPOLSKIE,49.6798984,20.5898699,nominatim
LEŚNICA,MAŁOPOLSKIE,49.3977929,20.0589493,nominatim
STADNIKI,MAŁOPOLSKIE,49.8848426,20.1572434,nominatim
ZALASOWA,MAŁOPOLSKIE,49.9261898,21.1265498,nominatim
DĘBNO,MAŁOPOLSKIE,49.4666498,20.2079069,nominatim
KALWARIA ZEBRZYDOWSKA,MAŁOPOLSKIE,49.8669482,19.6763089,nominatim
GRĘBOSZÓW,MAŁOPOLSKIE,50.2443127,20.7758287,nominatim
KOSZYCE MAŁE,MAŁOPOLSKIE,49.9719169,20.9462940,nominatim
WIELKIE DROGI,MAŁOPOLSKIE,49.9607622,19.7037898,nominatim
ŁAPSZE NIŻNE,MAŁOPOLSKIE,49.3980442,20.2400473,nominatim
SŁUPIEC,MAŁOPOLSKIE,50.3204705,21.1939808,nominatim
PIWNICZNA,MAŁOPOLSKIE,49.4406462,20.7142303,nominatim
KOŚCIELISKO,MAŁOPOLSKIE,49.2907179,19.8885727,nominatim
NOWA GÓRA,MAŁOPOLSKIE,50.1741473,19.5933950,nominatim
RACŁAWICE,MAŁOPOLSKIE,50.3247214,20.2356859,nominatim
BOCHNIA,MAŁOPOLSKIE,49.9693563,20.4305410,nominatim
ŁUŻNA,MAŁOPOLSKIE,49.7124340,21.0534773,nominatim
JERZMANOWICE,MAŁOPOLSKIE,50.2127644,19.7482605,nominatim
WAKSMUND,MAŁOPOLSKIE,49.4814653,20.0785391,nominatim
WIĘCKOWICE,MAŁOPOLSKIE,50.1602345,20.2982421,nominatim
WĘGRZCE,MAŁOPOLSKIE,50.1200630,19.9744446,nominatim
TRZEBUNIA,MAŁOPOLSKIE,49.7900922,19.8522214,nominatim
BRUŚNIK,MAŁOPOLSKIE,49.7484324,20.9065506,nominatim
DOMINIKOWICE,MAŁOPOLSKIE,49.6446939,21.2182382,nominatim
LIBIĄŻ,MAŁOPOLSKIE,50.1030516,19.3147486,nominatim
JORDANÓW,MAŁOPOLSKIE,49.6492876,19.8299532,nominatim
TARNÓW,MAŁOPOLSKIE,50.0259883,20.9640584,nominatim
TOMASZKOWICE,MAŁOPOLSKIE,49.9761631,20.0973407,nominatim
BACHOWICE,MAŁOPOLSKIE,49.9587860,19.4915809,nominatim
SZCZUROWA,MAŁOPOLSKIE,50.1190396,20.6373655,nominatim
JADOWNIKI MOKRE,MAŁOPOLSKIE,50.1652350,20.7287915,nominatim
KOCMYRZÓW,MAŁOPOLSKIE,50.1316347,20.1293350,nominatim
PODEGRODZIE,MAŁOPOLSKIE,49.5761014,20.5889551,nominatim
JAZOWSKO,MAŁOPOLSKIE,49.5297790,20.5171302,nominatim
KRYG,MAŁOPOLSKIE,49.6569179,21.2556404,nominatim
PORĄBKA USZEWSKA,MAŁOPOLSKIE,49.9380498,20.6851990,nominatim
IWKOWA,MAŁOPOLSKIE,49.8171879,20.5900198,nominatim
PRZYTKOWICE,MAŁOPOLSKIE,49.9199121,19.6828618,nominatim
TOKARNIA,MAŁOPOLSKIE,49.7322447,19.8797303,nominatim
POLANKA WIELKA,MAŁOPOLSKIE,49.9838274,19.3074201,nominatim
SUŁOSZOWA,MAŁOPOLSKIE,50.2672276,19.7330471,nominatim
BRZESZCZE,MAŁOPOLSKIE,49.9815881,19.1478238,nominatim
ŻABNO,MAŁOPOLSKIE,50.1335155,20.8859257,nominatim
WOJAKOWA,MAŁOPOLSKIE,49.8039741,20.5616660,nominatim
ZATOR,MAŁOPOLSKIE,49.9963053,19.4376782,nominatim
IMBRAMOWICE,MAŁOPOLSKIE,50.3016845,19.8496290,nominatim
SZCZAWA,MAŁOPOLSKIE,49.5703658,20.2337146,nominatim
ZABIERZÓW,MAŁOPOLSKIE,50.1146386,19.7993814,nominatim
GORLICE,MAŁOPOLSKIE,49.6582900,21.1593832,nominatim
LIPNICA MUROWANA,MAŁOPOLSKIE,49.8589400,20.5274000,nominatim
WĘGRZCE WIELKIE,MAŁOPOLSKIE,50.0148566,20.1099342,nominatim
SKRZYDLNA,MAŁOPOLSKIE,49.7543487,20.1774423,nominatim
ZEMBRZYCE,MAŁOPOLSKIE,49.7737749,19.6006622,nominatim
SIEDLISKA,MAŁOPOLSKIE,50.3789043,20.0227966,nominatim
KOŹMICE WIELKIE,MAŁOPOLSKIE,49.9489700,20.0372400,nominatim
OCHOTNICA DOLNA,MAŁOPOLSKIE,49.5255655,20.3202148,nominatim
PLEŚNA,MAŁOPOLSKIE,49.9241841,20.9446069,nominatim
BIECZ,MAŁOPOLSKIE,49.7305351,21.2494210,nominatim
LIPINKI,MAŁOPOLSKIE,49.6723467,21.2921220,nominatim
SIEDLEC,MAŁOPOLSKIE,49.9565764,20.3221328,nominatim
WIELOGŁOWY,MAŁOPOLSKIE,49.6730030,20.6849594,nominatim
MSZANA GÓRNA,MAŁOPOLSKIE,49.6585964,20.1037411,nominatim
OLKUSZ,MAŁOPOLSKIE,50.2788158,19.5596307,nominatim
STARA WIEŚ,MAŁOPOLSKIE,49.6755381,20.3969719,nominatim
OTFINÓW,MAŁOPOLSKIE,50.1876664,20.8121747,nominatim
SIENIAWA,MAŁOPOLSKIE,49.5398708,19.9286064,nominatim
NOWY TARG,MAŁOPOLSKIE,49.4892092,20.0263411,nominatim
STRYSZÓW,MAŁOPOLSKIE,49.8251280,19.6261498,nominatim
ZALAS,MAŁOPOLSKIE,50.0803289,19.6255583,nominatim
OSIECZANY,MAŁOPOLSKIE,49.8414451,19.9798684,nominatim
BIBICE,MAŁOPOLSKIE,50.1240692,19.9552750,nominatim
OSTRÓW,MAŁOPOLSKIE,50.2320567,20.3642508,nominatim
MSZALNICA,MAŁOPOLSKIE,49.6096100,20.8231600,nominatim
WIŚNIOWA,MAŁOPOLSKIE,49.7876371,20.1164664,nominatim
ŁYSZKOWICE,MAŁOPOLSKIE,50.1762085,20.2062438,nominatim
TRZEBINIA,MAŁOPOLSKIE,50.1597686,19.4709097,nominatim
SUŁKOWICE,MAŁOPOLSKIE,49.8408265,19.8012137,nominatim
SZCZAWNICA,MAŁOPOLSKIE,49.4266299,20.4761439,nominatim
SPYTKOWICE,MAŁOPOLSKIE,49.9949790,19.5087999,nominatim
BOLESŁAW,MAŁOPOLSKIE,50.2970061,19.4811218,nominatim
KLUCZE,MAŁOPOLSKIE,50.3351358,19.5608326,nominatim
KŁAJ,MAŁOPOLSKIE,49.9925308,20.3154849,nominatim
SUŁKÓW,MAŁOPOLSKIE,49.9927065,20.1052994,nominatim
GDÓW,MAŁOPOLSKIE,49.9085036,20.1996034,nominatim
STARY SĄCZ,MAŁOPOLSKIE,49.5640376,20.6366038,nominatim
ŁĘTOWNIA,MAŁOPOLSKIE,49.6959255,19.8642526,nominatim
ŁĘKAWICA,MAŁOPOLSKIE,49.8405184,19.5812222,nominatim
CZARNY DUNAJEC,MAŁOPOLSKIE,49.4404930,19.8535612,nominatim
TOPORZYSKO,MAŁOPOLSKIE,49.6278000,19.8104900,nominatim
LACHOWICE,MAŁOPOLSKIE,49.7121125,19.4699761,nominatim
CIKOWICE,MAŁOPOLSKIE,49.9815662,20.3720173,nominatim
TYLMANOWA,MAŁOPOLSKIE,49.5132491,20.3967372,nominatim
STRADOMKA,MAŁOPOLSKIE,49.9207340,20.3166669,nominatim
LUSZOWICE,MAŁOPOLSKIE,50.1733961,19.4029060,nominatim
BINAROWA,MAŁOPOLSKIE,49.7571232,21.2279701,nominatim
CIANOWICE DUŻE,MAŁOPOLSKIE,50.1998053,19.8751238,nominatim
TARGANICE,MAŁOPOLSKIE,49.8130305,19.3292259,nominatim
PASZYN,MAŁOPOLSKIE,49.6250148,20.7818038,nominatim
DOBCZYCE,MAŁOPOLSKIE,49.8803432,20.0905415,nominatim
PALEŚNICA,MAŁOPOLSKIE,49.7928154,20.8002855,nominatim
LANCKORONA,MAŁOPOLSKIE,49.8454833,19.7150590,nominatim
BUKOWNO,MAŁOPOLSKIE,50.2609998,19.4361777,nominatim
ŁĘG TARNOWSKI,MAŁOPOLSKIE,50.0942221,20.9280306,nominatim
ZARZECZE,MAŁOPOLSKIE,50.3703678,19.6935661,nominatim
BARCICE GÓRNE,MAŁOPOLSKIE,,,not_found
JADOWNIKI,MAŁOPOLSKIE,49.9623096,20.6476688,nominatim
NIEGOWIĆ,MAŁOPOLSKIE,49.9369647,20.2381755,nominatim
ZAWOJA,MAŁOPOLSKIE,49.6600228,19.5579106,nominatim
SKAWA,MAŁOPOLSKIE,49.7252404,19.6731965,nominatim
LUBCZA,MAŁOPOLSKIE,49.9065768,21.2540731,nominatim
ALWERNIA,MAŁOPOLSKIE,50.0690434,19.5396737,nominatim
SIDZINA,MAŁOPOLSKIE,49.6125617,19.7278508,nominatim
KĘTY,MAŁOPOLSKIE,49.8829080,19.2239362,nominatim
POGWIZDÓW,MAŁOPOLSKIE,49.9220748,20.4014864,nominatim
RYCZÓW,MAŁOPOLSKIE,49.9805757,19.5507417,nominatim
PŁAZA,MAŁOPOLSKIE,50.0990603,19.4644435,nominatim
PRZECISZÓW,MAŁOPOLSKIE,50.0047374,19.3744959,nominatim
BABICE,MAŁOPOLSKIE,50.0525108,19.2090750,nominatim
TRZCIANA,MAŁOPOLSKIE,49.8452724,20.3731933,nominatim
ZAGÓRZANY,MAŁOPOLSKIE,49.8756645,20.2343314,nominatim
ODROWĄŻ,MAŁOPOLSKIE,49.4968259,19.8578438,nominatim
SKAWINA,MAŁOPOLSKIE,49.9747508,19.8265702,nominatim
LASKOWA,MAŁOPOLSKIE,49.6510000,20.0331944,nominatim
BIAŁA NIŻNA,MAŁOPOLSKIE,49.6360574,20.9679148,nominatim
WOLA RADZISZOWSKA,MAŁOPOLSKIE,49.9082745,19.7879994,nominatim
DZIANISZ,MAŁOPOLSKIE,49.3312989,19.8676419,nominatim
SKOMIELNA BIAŁA,MAŁOPOLSKIE,49.6407008,19.9200165,nominatim
MAKÓW PODHALAŃSKI,MAŁOPOLSKIE,49.7298971,19.6768803,nominatim
ZALIPIE,MAŁOPOLSKIE,50.2383267,20.8600558,nominatim
ŁAPANÓW,MAŁOPOLSKIE,49.8648601,20.2913672,nominatim
ZACZARNIE,MAŁOPOLSKIE,50.0622268,21.0670138,nominatim
NAWOJOWA,MAŁOPOLSKIE,49.5591200,20.7411900,nominatim
WIETRZYCHOWICE,MAŁOPOLSKIE,50.1906941,20.7652112,nominatim
JASTRZĘBIA,MAŁOPOLSKIE,49.8018732,20.8591220,nominatim
LUSŁAWICE,MAŁOPOLSKIE,49.8620765,20.8232586,nominatim
WRZĄSOWICE,MAŁOPOLSKIE,49.9606404,19.9443494,nominatim
LIMANOWA,MAŁOPOLSKIE,49.7061713,20.4217266,nominatim
STANIĄTKI,MAŁOPOLSKIE,50.0106406,20.1941445,nominatim
RZEPIENNIK BISKUPI,MAŁOPOLSKIE,49.7934884,21.0772081,nominatim
RUDAWA,MAŁOPOLSKIE,50.0993587,19.8084409,nominatim
ŁOSOSINA DOLNA,MAŁOPOLSKIE,49.7416411,20.6251038,nominatim
WOLA DĘBIŃSKA,MAŁOPOLSKIE,49.9734448,20.7097512,nominatim
JAROSZOWIEC,MAŁOPOLSKIE,50.3357187,19.5983795,nominatim
KRZESZÓW,MAŁOPOLSKIE,49.7576692,19.4880547,nominatim
SZCZYRZYC,MAŁOPOLSKIE,49.7820391,20.1920975,nominatim
KOZŁÓW,MAŁOPOLSKIE,50.4832564,20.0246387,nominatim
TUCHÓW,MAŁOPOLSKIE,49.8952190,21.0538362,nominatim
ZABIERZÓW BOCHEŃSKI,MAŁOPOLSKIE,50.0671959,20.3173449,nominatim
WIELKA WIEŚ,MAŁOPOLSKIE,50.4462508,20.1575158,nominatim
RUDNIK,MAŁOPOLSKIE,49.9112681,20.1069071,nominatim
RACIECHOWICE,MAŁOPOLSKIE,49.8448681,20.1371442,nominatim
RADGOSZCZ,MAŁOPOLSKIE,50.2053664,21.1113059,nominatim
WYSOCICE,MAŁOPOLSKIE,50.2833495,19.9201297,nominatim
CHRZANÓW,MAŁOPOLSKIE,50.1411926,19.4028502,nominatim
WADOWICE,MAŁOPOLSKIE,49.8834484,19.4925345,nominatim
MIECHÓW,MAŁOPOLSKIE,50.3566016,20.0276912,nominatim
ZIELONKI,MAŁOPOLSKIE,50.1174019,19.9206558,nominatim
CHOCHOŁÓW,MAŁOPOLSKIE,49.3717987,19.8163026,nominatim
NIEGARDÓW,MAŁOPOLSKIE,50.2179944,20.1855036,nominatim
BOLECHOWICE,MAŁOPOLSKIE,50.1479317,19.7915127,nominatim
ŁUKOWICA,MAŁOPOLSKIE,49.6052384,20.4928950,nominatim
STRÓŻE,MAŁOPOLSKIE,49.6541485,20.9758165,nominatim
UJŚCIE JEZUICKIE,MAŁOPOLSKIE,50.2417335,20.7396144,nominatim
BRZEZNA,MAŁOPOLSKIE,49.6013700,20.6175400,nominatim
BIAŁKA,MAŁOPOLSKIE,49.3366677,20.1340425,nominatim
MICHAŁOWICE,MAŁOPOLSKIE,50.1603193,19.9801697,nominatim
WOLA FILIPOWSKA,MAŁOPOLSKIE,50.1328995,19.5875894,nominatim
BRZOZÓWKA,MAŁOPOLSKIE,50.3739755,19.7974982,nominatim
WIEPRZ,MAŁOPOLSKIE,49.8990234,19.3658222,nominatim
CHEŁMIEC,MAŁOPOLSKIE,49.6307105,20.6639327,nominatim
KAMIENICA,MAŁOPOLSKIE,49.5743067,20.3453614,nominatim
RACIBOROWICE,MAŁOPOLSKIE,50.1185173,20.0324511,nominatim
LIBUSZA,MAŁOPOLSKIE,49.6917900,21.2392900,nominatim
PAŁECZNICA,MAŁOPOLSKIE,50.2904698,20.3009621,nominatim
ZADROŻE,MAŁOPOLSKIE,50.2874212,19.7950310,nominatim
ŁOSOSKOWICE,MAŁOPOLSKIE,50.1883710,20.1648749,nominatim
BOGUCICE,MAŁOPOLSKIE,50.0602240,20.4888007,nominatim
MYŚLACHOWICE,MAŁOPOLSKIE,50.1843275,19.4798804,nominatim
ANDRYCHÓW,MAŁOPOLSKIE,49.8555791,19.3436756,nominatim
MĘCINA,MAŁOPOLSKIE,49.6790190,20.5495183,nominatim
SŁOMNIKI,MAŁOPOLSKIE,50.2403739,20.0811369,nominatim
ŚWIĄTNIKI GÓRNE,MAŁOPOLSKIE,49.9346365,19.9524965,nominatim
MĘTKÓW,MAŁOPOLSKIE,50.0514577,19.3708169,nominatim
NOWE BRZESKO,MAŁOPOLSKIE,50.1322823,20.3767203,nominatim
SZYMBARK,MAŁOPOLSKIE,49.6277444,21.1084196,nominatim
WYSOKIE BRZEGI,MAŁOPOLSKIE,50.0443692,19.2460271,nominatim
BUDZÓW,MAŁOPOLSKIE,49.7741000,19.6674400,nominatim
NOWE RYBIE,MAŁOPOLSKIE,49.7775500,20.3305400,nominatim
ALEKSANDROWICE,MAŁOPOLSKIE,50.0813179,19.7633082,nominatim
ŁAPCZYCA,MAŁOPOLSKIE,49.9609570,20.3781439,nominatim
PROSZOWICE,MAŁOPOLSKIE,50.1926479,20.2917555,nominatim
KARNIOWICE,MAŁOPOLSKIE,50.1523320,19.7750834,nominatim
DOJAZDÓW,MAŁOPOLSKIE,50.1194477,20.1127764,nominatim
LISIA GÓRA,MAŁOPOLSKIE,50.0803263,21.0349497,nominatim
PRZEGINIA,MAŁOPOLSKIE,50.2356517,19.6992703,nominatim
ŁĄCKO,MAŁOPOLSKIE,49.5576697,20.4349281,nominatim
SIEDLCE,MAŁOPOLSKIE,49.6874943,20.7756825,nominatim
STARE ŻUKOWICE,MAŁOPOLSKIE,50.0902574,21.0844488,nominatim
DĄBROWA TARNOWSKA,MAŁOPOLSKIE,50.1743495,20.9850707,nominatim
BIEŃKÓWKA,MAŁOPOLSKIE,49.7734669,19.7517923,nominatim
RABA NIŻNA,MAŁOPOLSKIE,49.6432929,20.0339899,nominatim
POGÓRSKA WOLA,MAŁOPOLSKIE,50.0177656,21.1577533,nominatim
TĘGOBORZE,MAŁOPOLSKIE,49.7043039,20.6309013,nominatim
RYGLICE,MAŁOPOLSKIE,49.8783327,21.1380371,nominatim
KLĘCZANY,MAŁOPOLSKIE,49.6673335,20.6224465,nominatim
PODSARNIE,MAŁOPOLSKIE,49.5530714,19.7872406,nominatim
GROMIEC,MAŁOPOLSKIE,50.0580821,19.2916197,nominatim
BOBOWA,MAŁOPOLSKIE,49.7081074,20.9420020,nominatim
CHORĄGWICA,MAŁOPOLSKIE,49.9586210,20.0869851,nominatim
KRYNICA,MAŁOPOLSKIE,49.4096311,20.9571479,nominatim
TENCZYNEK,MAŁOPOLSKIE,50.1183988,19.6147916,nominatim
RZĄSKA,MAŁOPOLSKIE,50.0962228,19.8433954,nominatim
RADZISZÓW,MAŁOPOLSKIE,49.9383536,19.8095394,nominatim
KRZCZONÓW,MAŁOPOLSKIE,49.7373756,19.9324827,nominatim
USZEW,MAŁOPOLSKIE,49.9176249,20.6012671,nominatim
MORDARKA,MAŁOPOLSKIE,49.6997100,20.4608100,nominatim
KORZENNA,MAŁOPOLSKIE,49.6832111,20.8418416,nominatim
ŚWINIARY,MAŁOPOLSKIE,50.1289282,20.4727180,nominatim
CHARSZNICA,MAŁOPOLSKIE,50.4130511,19.9355395,nominatim
WOLBROM,MAŁOPOLSKIE,50.3848386,19.7598844,nominatim
BISKUPICE,MAŁOPOLSKIE,50.3485447,19.9894467,nominatim
CZCHÓW,MAŁOPOLSKIE,49.8339446,20.6731487,nominatim
SZRENIAWA,MAŁOPOLSKIE,50.3756941,19.8673162,nominatim
CHEŁMEK,MAŁOPOLSKIE,50.1003348,19.2542585,nominatim
BIAŁY KOŚCIÓŁ,MAŁOPOLSKIE,50.1682226,19.8298647,nominatim
ŁABOWA,MAŁOPOLSKIE,49.5275011,20.8553116,nominatim
RABA WYŻNA,MAŁOPOLSKIE,49.5647448,19.8805296,nominatim
PSARY,MAŁOPOLSKIE,50.1726785,19.5320272,nominatim
ZAGÓRZYCE DWORSKIE,MAŁOPOLSKIE,50.1800004,20.0405703,nominatim
PTASZKOWA,MAŁOPOLSKIE,49.6013865,20.8865863,nominatim
KRUŻLOWA WYŻNA,MAŁOPOLSKIE,49.6445700,20.8886900,nominatim
PROSZÓWKI,MAŁOPOLSKIE,50.0038259,20.4254081,nominatim
TRĄBKI,MAŁOPOLSKIE,49.9634505,20.1421007,nominatim
SŁOPNICE,MAŁOPOLSKIE,49.6989839,20.3518902,nominatim
ZGŁOBICE,MAŁOPOLSKIE,49.9768982,20.9111433,nominatim
LUBIEŃ,MAŁOPOLSKIE,49.7162965,19.9744819,nominatim
IWANOWICE DWORSKIE,MAŁOPOLSKIE,50.2134867,19.9791355,nominatim
POLANY,MAŁOPOLSKIE,49.5211021,20.9892943,nominatim
CZERNIEC,MAŁOPOLSKIE,49.5524812,20.4212933,nominatim
RZEZAWA,MAŁOPOLSKIE,49.9900045,20.5136140,nominatim
NAPRAWA,MAŁOPOLSKIE,49.6642000,19.8761700,nominatim
ZIMNODÓŁ,MAŁOPOLSKIE,50.2466225,19.6163407,nominatim
WAWRZEŃCZYCE,MAŁOPOLSKIE,50.1076224,20.3110117,nominatim
NIEPOŁOMICE,MAŁOPOLSKIE,50.0331163,20.2171599,nominatim
ŻEGOCINA,MAŁOPOLSKIE,49.8041261,20.4178990,nominatim
KLIMKÓWKA,MAŁOPOLSKIE,49.6790990,20.7327633,nominatim
SKRZYSZÓW,MAŁOPOLSKIE,49.9927156,21.0645866,nominatim
ILKOWICE,MAŁOPOLSKIE,50.0943564,20.8937138,nominatim
ZABAWA,MAŁOPOLSKIE,49.9939736,20.0897160,nominatim
MOGILANY,MAŁOPOLSKIE,49.9413293,19.8877676,nominatim
SĘKOWA,MAŁOPOLSKIE,49.6128184,21.2065054,nominatim
UJANOWICE,MAŁOPOLSKIE,49.7463188,20.5571718,nominatim
ŁĘŻKOWICE,MAŁOPOLSKIE,49.9651997,20.2993749,nominatim
BRZESKO,MAŁOPOLSKIE,49.9678396,20.6068496,nominatim
MANIOWY,MAŁOPOLSKIE,49.4622808,20.2687022,nominatim
LICHWIN,MAŁOPOLSKIE,49.8886275,20.9571921,nominatim
DOBRA,MAŁOPOLSKIE,49.7181214,20.2507691,nominatim
WOJNICZ,MAŁOPOLSKIE,49.9573496,20.8364048,nominatim
BIELANY,MAŁOPOLSKIE,50.0401439,19.8214103,nominatim
GRÓDEK NAD DUNAJCEM,MAŁOPOLSKIE,49.7486434,20.7323128,nominatim
GNOJNIK,MAŁOPOLSKIE,49.8952721,20.6071741,nominatim
BUKOWINA TATRZAŃSKA,MAŁOPOLSKIE,49.3423002,20.1072586,nominatim
TRZYCIĄŻ,MAŁOPOLSKIE,50.3094145,19.7675599,nominatim
RAJBROT,MAŁOPOLSKIE,49.8219848,20.4878067,nominatim
RZEPIENNIK STRZYŻEWSKI,MAŁOPOLSKIE,49.8072487,21.0351977,nominatim
JUSZCZYN,MAŁOPOLSKIE,49.6939602,19.6942557,nominatim
BIAŁY DUNAJEC,MAŁOPOLSKIE,49.3691202,20.0094701,nominatim
KOSZYCE,MAŁOPOLSKIE,50.1669806,20.5756459,nominatim
JANOWICE,MAŁOPOLSKIE,49.9482900,20.0086800,nominatim
